name,price,rating,sold,store,link,image,category,platform
Cyfersia Kemeja Flanel Pria dan Wanita Motif Kotak Lengan Panjang OOTD Kekinian KJM001,158360,N/A,8 terjual,N/A,N/A,https://lf-web-assets.tokopedia-static.net/obj/tokopedia-web-sg/zeus_v2/2e112467.svg,flanel,Tokopedia
Miracle Mates - Ghose Shirt Longsleeve I Kemeja Flanel Pria/Wanita Oversized,349000,N/A,3 terjual,N/A,N/A,https://lf-web-assets.tokopedia-static.net/obj/tokopedia-web-sg/zeus_v2/2e112467.svg,flanel,Tokopedia
DGM Kemeja Flanel Casual Kemeja Lengan Panjang Kantong dua Flanel kantong dua,175000,N/A,1 terjual,N/A,N/A,https://lf-web-assets.tokopedia-static.net/obj/tokopedia-web-sg/zeus_v2/2e112467.svg,flanel,Tokopedia
DGM Kemeja Flanel Pria Lengan Pendek Hitam Kotak-Kotak Bergaris Coklat Kemeja Pria Flanel Pria Kemeja Pendek 2957,155000,N/A,8 terjual,N/A,N/A,https://lf-web-assets.tokopedia-static.net/obj/tokopedia-web-sg/zeus_v2/2e112467.svg,flanel,Tokopedia
kemeja jumbo pria flanel jumbo merah,146000,N/A,4 terjual,N/A,N/A,https://lf-web-assets.tokopedia-static.net/obj/tokopedia-web-sg/zeus_v2/2e112467.svg,flanel,Tokopedia
Gloaming Kemeja Flanel Veterano Panjang Bluvara Unisex,169900,N/A,N/A,N/A,N/A,https://lf-web-assets.tokopedia-static.net/obj/tokopedia-web-sg/zeus_v2/2e112467.svg,flanel,Tokopedia
Brill Eighty Eight - Kemeja Flanel Pendek Premium Navy Gray Sgry 88 S2329,149500,N/A,8 terjual,N/A,N/A,https://lf-web-assets.tokopedia-static.net/obj/tokopedia-web-sg/zeus_v2/2e112467.svg,flanel,Tokopedia
Brill Eighty Eight - Kemeja Flanel Panjang Premium Varian 88 L3932-L3937,165500,N/A,19 terjual,N/A,N/A,https://lf-web-assets.tokopedia-static.net/obj/tokopedia-web-sg/zeus_v2/2e112467.svg,flanel,Tokopedia
Brill Eighty Eight - Kemeja Flanel Panjang Super Premium Terracotta Wht2 88 L3389,155500,N/A,25 terjual,N/A,N/A,https://lf-web-assets.tokopedia-static.net/obj/tokopedia-web-sg/zeus_v2/2e112467.svg,flanel,Tokopedia
PAKAJI Fashion Kemeja Flanel Pria Lengan Panjang Premium 7054,159000,N/A,1 terjual,N/A,N/A,https://lf-web-assets.tokopedia-static.net/obj/tokopedia-web-sg/zeus_v2/2e112467.svg,flanel,Tokopedia
PAULMAY Kemeja Flanel Pria Lengan Panjang Merah 6716 Fit Navy,96000,N/A,12 terjual,N/A,N/A,https://lf-web-assets.tokopedia-static.net/obj/tokopedia-web-sg/zeus_v2/2e112467.svg,flanel,Tokopedia
DGM Kemeja Pria Flanel Lengan Panjang Kotak Orange-Grey 2250,159000,N/A,3 terjual,N/A,N/A,https://lf-web-assets.tokopedia-static.net/obj/tokopedia-web-sg/zeus_v2/2e112467.svg,flanel,Tokopedia
PAKAJI Kemeja Flanel Pria Lengan Panjang Premium 001 A,159000,N/A,7 terjual,N/A,N/A,https://lf-web-assets.tokopedia-static.net/obj/tokopedia-web-sg/zeus_v2/2e112467.svg,flanel,Tokopedia
"Kemeja Flanel Pria Soldierside ""Heady"" Black FS223",149000,N/A,6 terjual,N/A,N/A,https://lf-web-assets.tokopedia-static.net/obj/tokopedia-web-sg/zeus_v2/2e112467.svg,flanel,Tokopedia
Bombboogie Kemeja Pria Flanel Moses Black Grey 24823B5BG,239000,N/A,23 terjual,N/A,N/A,https://lf-web-assets.tokopedia-static.net/obj/tokopedia-web-sg/zeus_v2/2e112467.svg,flanel,Tokopedia
INFARM - Kain Flanel Sumbu Hidroponik Sistem Wick Isi 25 Pcs Saluran Nutrisi Bak Hidro Tanaman Sayur Buah Bunga Media Pengalir Vitamin,13087,N/A,N/A,N/A,N/A,https://lf-web-assets.tokopedia-static.net/obj/tokopedia-web-sg/zeus_v2/2e112467.svg,flanel,Tokopedia
DGM Fashion Kemeja Flanel Casual Lengan Panjang Flanel kantong dua 1853,165000,N/A,5 terjual,N/A,N/A,https://lf-web-assets.tokopedia-static.net/obj/tokopedia-web-sg/zeus_v2/2e112467.svg,flanel,Tokopedia
DGM Kemeja Flanel Pria Lengan Pendek Premium Kemeja Pria 1757,155000,N/A,3 terjual,N/A,N/A,https://lf-web-assets.tokopedia-static.net/obj/tokopedia-web-sg/zeus_v2/2e112467.svg,flanel,Tokopedia
Gloaming Kemeja Flanel Luserra Pria Lengan Panjang Casual Premium,199900,N/A,6 terjual,N/A,N/A,https://lf-web-assets.tokopedia-static.net/obj/tokopedia-web-sg/zeus_v2/2e112467.svg,flanel,Tokopedia
PAKAJI Kemeja Pria Flanel Pendek Premium Kotak Kotak Kemeja Flanel Navy Hijau Garis Hitam 2604,155000,N/A,2 terjual,N/A,N/A,https://lf-web-assets.tokopedia-static.net/obj/tokopedia-web-sg/zeus_v2/2e112467.svg,flanel,Tokopedia
DGM Kemeja Pria Flanel Jumbo Lengan Pendek Grey 2348,155000,N/A,2 terjual,N/A,N/A,https://lf-web-assets.tokopedia-static.net/obj/tokopedia-web-sg/zeus_v2/2e112467.svg,flanel,Tokopedia
Radia Fashion Atasan Wanita Midi Tunik Harian Katun Flanel High Quality Casual Cantik Nyaman Bahan Flanel Import Full Kancing Depan Lengan Berkancing Saku Busui & Wudhu Friendly,165000,N/A,N/A,N/A,N/A,https://lf-web-assets.tokopedia-static.net/obj/tokopedia-web-sg/zeus_v2/2e112467.svg,flanel,Tokopedia
DGM Fashion Kemeja Pria Flanel Premium Lengan Panjang 2056,159000,N/A,5 terjual,N/A,N/A,https://lf-web-assets.tokopedia-static.net/obj/tokopedia-web-sg/zeus_v2/2e112467.svg,flanel,Tokopedia
Dgm kemeja flanel pria lengan panjang casual 1160,159000,N/A,5 terjual,N/A,N/A,https://lf-web-assets.tokopedia-static.net/obj/tokopedia-web-sg/zeus_v2/2e112467.svg,flanel,Tokopedia
Logo Jeans Kemeja Flanel Jenna Green Black 24894L5HB,279000,N/A,17 terjual,N/A,N/A,https://lf-web-assets.tokopedia-static.net/obj/tokopedia-web-sg/zeus_v2/2e112467.svg,flanel,Tokopedia
Kemeja Kucing dan Kemeja Anjing Premium Berkualitas FLANEL SHIRT,16638,N/A,N/A,N/A,N/A,https://lf-web-assets.tokopedia-static.net/obj/tokopedia-web-sg/zeus_v2/2e112467.svg,flanel,Tokopedia
Rufika Kemeja Anak Laki-Laki dan Perempuan Premium Flanel Shirt Casual,65160,N/A,6 terjual,N/A,N/A,https://lf-web-assets.tokopedia-static.net/obj/tokopedia-web-sg/zeus_v2/2e112467.svg,flanel,Tokopedia
NUEFELT Kemeja Flanel Pria Lengan Panjang Manchester,247380,N/A,N/A,N/A,N/A,https://lf-web-assets.tokopedia-static.net/obj/tokopedia-web-sg/zeus_v2/2e112467.svg,flanel,Tokopedia
DGM Fashion Premium Lengan Panjang Kemeja Pria Flanel 1080,125000,N/A,3 terjual,N/A,N/A,https://lf-web-assets.tokopedia-static.net/obj/tokopedia-web-sg/zeus_v2/2e112467.svg,flanel,Tokopedia
Dgm kemeja pria flanel panjang premium 1158,159000,N/A,2 terjual,N/A,N/A,https://lf-web-assets.tokopedia-static.net/obj/tokopedia-web-sg/zeus_v2/2e112467.svg,flanel,Tokopedia
Master Kain Flanel A4 Dark Green Hijau Tua,18900,N/A,N/A,N/A,N/A,https://lf-web-assets.tokopedia-static.net/obj/tokopedia-web-sg/zeus_v2/2e112467.svg,flanel,Tokopedia
DGM Kemeja Pria Flanel Kerah Sanghai Koko Lengan Panjang Premium Kemeja Koko Navy-Cream Abiyan Series 2633,169000,N/A,8 terjual,N/A,N/A,https://lf-web-assets.tokopedia-static.net/obj/tokopedia-web-sg/zeus_v2/2e112467.svg,flanel,Tokopedia
Amspro Kemeja Pria atasan pria Kemeja flanel Orange-02 Nyaman Tebal Baju Distro Kotak Panjang Casual Hitam Orange,93600,N/A,1 terjual,N/A,N/A,https://lf-web-assets.tokopedia-static.net/obj/tokopedia-web-sg/zeus_v2/2e112467.svg,flanel,Tokopedia
DGM Kemeja Pria Flanel Pendek Premium Kotak Kotak Kemeja Flanel Navy Hijau 2604,155000,N/A,4 terjual,N/A,N/A,https://lf-web-assets.tokopedia-static.net/obj/tokopedia-web-sg/zeus_v2/2e112467.svg,flanel,Tokopedia
DGM Fashion Kemeja Diamond Flanel Kemeja Lengan Panjang,159000,N/A,4 terjual,N/A,N/A,https://lf-web-assets.tokopedia-static.net/obj/tokopedia-web-sg/zeus_v2/2e112467.svg,flanel,Tokopedia
DGM Kemeja Pria Flanel Panjang Premium Kotak Kotak Kemeja Flanel Navy-Hitam 2607,159000,N/A,11 terjual,N/A,N/A,https://lf-web-assets.tokopedia-static.net/obj/tokopedia-web-sg/zeus_v2/2e112467.svg,flanel,Tokopedia
DGM Fashion Kemeja Flanel Casual Kemeja Lengan Panjang orange,159000,N/A,11 terjual,N/A,N/A,https://lf-web-assets.tokopedia-static.net/obj/tokopedia-web-sg/zeus_v2/2e112467.svg,flanel,Tokopedia
Cressida The Next Level Kemeja Lengan Panjang Navy Pria Flanel Shirt I117N,349930,N/A,4 terjual,N/A,N/A,https://lf-web-assets.tokopedia-static.net/obj/tokopedia-web-sg/zeus_v2/2e112467.svg,flanel,Tokopedia
Salin Brill Eighty Eight - Kemeja Flanel Pendek Super Premium Coffee Wht 88 S2285,149500,N/A,1 terjual,N/A,N/A,https://lf-web-assets.tokopedia-static.net/obj/tokopedia-web-sg/zeus_v2/2e112467.svg,flanel,Tokopedia
Kemeja Flanel Pria WOODCUTTER Red Montclair Flannel Shirt Lengan Panjang Shadow Plaid Kotak Kotak,229000,N/A,27 terjual,N/A,N/A,https://lf-web-assets.tokopedia-static.net/obj/tokopedia-web-sg/zeus_v2/2e112467.svg,flanel,Tokopedia
Brill Eighty Eight - Kemeja Flanel Pendek Super Premium Blk Brw Mst2 88 S2242,152500,N/A,7 terjual,N/A,N/A,https://lf-web-assets.tokopedia-static.net/obj/tokopedia-web-sg/zeus_v2/2e112467.svg,flanel,Tokopedia
Platini Kemeja Flanel Pria Lengan Panjang Hijau 76476,179000,N/A,N/A,N/A,N/A,https://lf-web-assets.tokopedia-static.net/obj/tokopedia-web-sg/zeus_v2/2e112467.svg,flanel,Tokopedia
Platini Kemeja Pria Flanel Polos Lengan Panjang Hijau 76343,158900,N/A,N/A,N/A,N/A,https://lf-web-assets.tokopedia-static.net/obj/tokopedia-web-sg/zeus_v2/2e112467.svg,flanel,Tokopedia
Monellina 601201 Kemeja Flanel Wanita Lengan Panjang,105000,N/A,9 terjual,N/A,N/A,https://lf-web-assets.tokopedia-static.net/obj/tokopedia-web-sg/zeus_v2/2e112467.svg,flanel,Tokopedia
Monellina 601215 Kemeja Flanel Oversize Wanita Lengan Panjang,105000,N/A,3 terjual,N/A,N/A,https://lf-web-assets.tokopedia-static.net/obj/tokopedia-web-sg/zeus_v2/2e112467.svg,flanel,Tokopedia
Bloods Series Shirt Kemeja Flanel Boulder Red Navy,175000,N/A,5 terjual,N/A,N/A,https://lf-web-assets.tokopedia-static.net/obj/tokopedia-web-sg/zeus_v2/2e112467.svg,flanel,Tokopedia
"ChongChong-Tempat Tidur Hewan Peliharaan Flanel - Desain Semi Tertutup, Lembut, dan Anti Licin",105900,N/A,N/A,N/A,N/A,https://lf-web-assets.tokopedia-static.net/obj/tokopedia-web-sg/zeus_v2/2e112467.svg,flanel,Tokopedia
