name,price,sold,rating,store,link,image,category,platform
CRSL White Pattern Cardi | Cardigan Unisex Rajut Knitwear | Outer Atasan Oversize Unisex Pria Wanita | Baju Kardigan Sweater Casual | Top Kancing Panjang Motif | Tebal,322420,0,,N/A,N/A,https://lf-web-assets.tokopedia-static.net/obj/tokopedia-web-sg/zeus_v2/2e112467.svg,kardigan pria,Tokopedia
RAIKENI Kimono UNO | Jaket Cardigan Jepang Hitam | Kimono Outerwear 3/4 Unisex | Kardigan Pria,129000,0,,N/A,N/A,https://lf-web-assets.tokopedia-static.net/obj/tokopedia-web-sg/zeus_v2/2e112467.svg,kardigan pria,Tokopedia
CRSL Black Pattern Cardi | Knit Cardigan Unisex Pria Wanita | Sweater Rajut Oversized Outer Atasan | Knit Tebal | Hitam | Baju Kardigan | Knitwear hitam lengan panjang | Basic Top Casual Motif,322420,0,,N/A,N/A,https://lf-web-assets.tokopedia-static.net/obj/tokopedia-web-sg/zeus_v2/2e112467.svg,kardigan pria,Tokopedia
RAIKENI Kimono UNO | Cardigan Unisex | Outerwear Pria Jepang | Kardigan Pria Hijau Army | Kimono Hijau 3/4,129000,0,,N/A,N/A,https://lf-web-assets.tokopedia-static.net/obj/tokopedia-web-sg/zeus_v2/2e112467.svg,kardigan pria,Tokopedia
Okechuku KARDIGAN MINGYU Cardigan Rajut V Neck Unisex Pria Wanita,169900,0,,N/A,N/A,https://lf-web-assets.tokopedia-static.net/obj/tokopedia-web-sg/zeus_v2/2e112467.svg,kardigan pria,Tokopedia
Okechuku CARDIGAN SMILE Kardigan Rajut Pria Gaya Korea Knit Cardigan,169900,23,,N/A,N/A,https://lf-web-assets.tokopedia-static.net/obj/tokopedia-web-sg/zeus_v2/2e112467.svg,kardigan pria,Tokopedia
Kuning Animasi Kartun Jepang Naruto Kimono Pesta Santai Hanori Gaya Longgar Kardigan Pantai Uniseks Pria Cosplay,125000,3,,N/A,N/A,https://lf-web-assets.tokopedia-static.net/obj/tokopedia-web-sg/zeus_v2/2e112467.svg,kardigan pria,Tokopedia
Mode Jalanan Anime Jepang Demon Slayer Hanori Pria Wanita Cosplay Pesta Kimono Longgar Kardigan Pantai Cardigan Harajuku,125000,0,,N/A,N/A,https://lf-web-assets.tokopedia-static.net/obj/tokopedia-web-sg/zeus_v2/2e112467.svg,kardigan pria,Tokopedia
"Cardigan Rajut Import Wanita Premium Model V Neck Lengan Panjang - Kardigan, Tebal, Outer, Baju, Muslim, Sweater, Pria, Oversize, Atasan",155000,0,,N/A,N/A,https://lf-web-assets.tokopedia-static.net/obj/tokopedia-web-sg/zeus_v2/2e112467.svg,kardigan pria,Tokopedia
Baju Kaos Waffle Rib Salur Tebal Premium Lengan Panjang Atasan Baju Wanita & Pria Motif Kaos Rib Waffle Rajut Crop Top Dewasa Fit Melar Motif Garis cardigan Kardigan Inner Croptop Keren shirt,45000,8,,N/A,N/A,https://lf-web-assets.tokopedia-static.net/obj/tokopedia-web-sg/zeus_v2/2e112467.svg,kardigan pria,Tokopedia
Outer Kardigan Cowok Sleting Full / Cardigan Rajut Pria Crewneck Korea Zipper Seleting Full Rendy NOSH Fashion,89500,13,,N/A,N/A,https://lf-web-assets.tokopedia-static.net/obj/tokopedia-web-sg/zeus_v2/2e112467.svg,kardigan pria,Tokopedia
RCKLS.LTD Kardigan Rajut Knit Wear Minimalist Green | Cardigan Sweater Tebal Oversize | Knitwear Pria Wanita,245000,0,,N/A,N/A,https://lf-web-assets.tokopedia-static.net/obj/tokopedia-web-sg/zeus_v2/2e112467.svg,kardigan pria,Tokopedia
Cardigan Rajut Pria Crewneck Resleting Korea Variasi Rendy NOSH / Kardigan Zipper Pria Korean look,89500,0,,N/A,N/A,https://lf-web-assets.tokopedia-static.net/obj/tokopedia-web-sg/zeus_v2/2e112467.svg,kardigan pria,Tokopedia
Bitsnbobs76 Cardigan Knitwear Green - Fade Kardigan Pria Wanita,208900,0,,N/A,N/A,https://lf-web-assets.tokopedia-static.net/obj/tokopedia-web-sg/zeus_v2/2e112467.svg,kardigan pria,Tokopedia
KARDIGAN BTS TAEHYUNG TEBAL PREMIUM Oversize Panjang Knitwear wanita Pria Fit Basic Sweater Cardigan Outer Baju Atasan cardigan korea Crewneck Cewek Tangan,100000,0,,N/A,N/A,https://lf-web-assets.tokopedia-static.net/obj/tokopedia-web-sg/zeus_v2/2e112467.svg,kardigan pria,Tokopedia
New Hagoromo Naruto Cosplay Hanori Anime Mode Jepang Kardigan Kimono Musim Panas Putih Cardigan Pantai Pria Wanita Casual Loose Harajuku Samurai,125000,25,,N/A,N/A,https://lf-web-assets.tokopedia-static.net/obj/tokopedia-web-sg/zeus_v2/2e112467.svg,kardigan pria,Tokopedia
OUTER KANCING POLOS || KARDIGAN CERUTY POLOS || KARDIGAN LEKBONG POLOS || KARDIGAN CERUTY Pria,73999,0,,N/A,N/A,https://lf-web-assets.tokopedia-static.net/obj/tokopedia-web-sg/zeus_v2/2e112467.svg,kardigan pria,Tokopedia
Cardigan Fleece Pria Fahry Outer Cardie Kardigan Kardi Style Korean Casual,63900,0,,N/A,N/A,https://lf-web-assets.tokopedia-static.net/obj/tokopedia-web-sg/zeus_v2/2e112467.svg,kardigan pria,Tokopedia
Outer Kardigan Cowok Sleting / Cardigan Rajut Pria Crewneck Korea Variasi Renddy JCCollections / Outer Baju Knitwear Sweater Lengan Panjang,85500,28,,N/A,N/A,https://lf-web-assets.tokopedia-static.net/obj/tokopedia-web-sg/zeus_v2/2e112467.svg,kardigan pria,Tokopedia
Cardigan Pria Rajut VNeck Oversize / Kardigan Rajut Korea Style RIECCO - JCCollections /Knitwear Sweater Panjang Cowok Tebal Hitam,83500,0,,N/A,N/A,https://lf-web-assets.tokopedia-static.net/obj/tokopedia-web-sg/zeus_v2/2e112467.svg,kardigan pria,Tokopedia
Kardigan Rajut OverSize Pria Sido Mocca Tae hyung B T S - JCCollections,99900,0,,N/A,N/A,https://lf-web-assets.tokopedia-static.net/obj/tokopedia-web-sg/zeus_v2/2e112467.svg,kardigan pria,Tokopedia
msa knit-Knitwear sty akrilik Atasan rajut Hitam Dewasa Nyaman Baju Sweater Pria kardigan,110784,0,,N/A,N/A,https://lf-web-assets.tokopedia-static.net/obj/tokopedia-web-sg/zeus_v2/2e112467.svg,kardigan pria,Tokopedia
2023 COD New Naruto Cosplay Hanori Anime Mode Jepang Kardigan Hitam Kimono Musim Panas Cardigan Pantai Pria Wanita Samurai Harajuku,125000,25,,N/A,N/A,https://lf-web-assets.tokopedia-static.net/obj/tokopedia-web-sg/zeus_v2/2e112467.svg,kardigan pria,Tokopedia
Cardigan Knitwear Cardigan DownRight Sweater Cardigan Kardigan Pria Wanita Unisex,67200,0,,N/A,N/A,https://lf-web-assets.tokopedia-static.net/obj/tokopedia-web-sg/zeus_v2/2e112467.svg,kardigan pria,Tokopedia
Cardigan Jumbo Rajut Pria V Neck Pria Big Size Jumbo 3XL Rico / Kardigan Cowok Jumbo - JCCollections / Outer Baju Knitwear Sweater Pria Korea / Jaket Panjang Hitam Rajut,84500,0,,N/A,N/A,https://lf-web-assets.tokopedia-static.net/obj/tokopedia-web-sg/zeus_v2/2e112467.svg,kardigan pria,Tokopedia
HI streatwear print your live knit rajut oversized Knitwear Sweater Pria Wanita Cardigan Hitam Unisex Atasan Kardigan,117900,0,,N/A,N/A,https://lf-web-assets.tokopedia-static.net/obj/tokopedia-web-sg/zeus_v2/2e112467.svg,kardigan pria,Tokopedia
Outer Kardigan Pria Sleting / Cardigan Men Zipper Dennys / Turtleneck Rajut Pria Seleting - JCCollections,74500,6,,N/A,N/A,https://lf-web-assets.tokopedia-static.net/obj/tokopedia-web-sg/zeus_v2/2e112467.svg,kardigan pria,Tokopedia
Cardigan Knitwear Knit Cardigan Cerberus Sweater Cardigan/Kardigan Pria Wanita Unisex,64800,0,,N/A,N/A,https://lf-web-assets.tokopedia-static.net/obj/tokopedia-web-sg/zeus_v2/2e112467.svg,kardigan pria,Tokopedia
Outer Kardigan Rajut Pria Motif List 3 Warna Robby NOSH Cardigan Rajut Korea Style Robi,89500,3,,N/A,N/A,https://lf-web-assets.tokopedia-static.net/obj/tokopedia-web-sg/zeus_v2/2e112467.svg,kardigan pria,Tokopedia
Sweater Rajut Pria/ Sweater Long Cardigan/ Blezer Sweater/ Long Kardigan 100% Cotton Berkualitas Wol Santai Tebal,174600,2,,N/A,N/A,https://lf-web-assets.tokopedia-static.net/obj/tokopedia-web-sg/zeus_v2/2e112467.svg,kardigan pria,Tokopedia
KUKABILAL OUTER OUTWEAR KIMONO CARDIGAN KARDIGAN BLAJER BLAZER JAS HAORI JEPANG KOREA COWO LAKI LAKI PRIA WANITA UNISEX Hitam Katun Panjang Sablon Jaket Cowok,88500,8,,N/A,N/A,https://lf-web-assets.tokopedia-static.net/obj/tokopedia-web-sg/zeus_v2/2e112467.svg,kardigan pria,Tokopedia
"Kardigan Wanita Tanpa Lengan Motif Abstrak Fahira Jas Blazer Wanita - Atasan, Katun, Panjang, Oversize, Casual, Muslim, Pria, Baju, Hitam",155000,6,,N/A,N/A,https://lf-web-assets.tokopedia-static.net/obj/tokopedia-web-sg/zeus_v2/2e112467.svg,kardigan pria,Tokopedia
OUTER OUTWEAR KIMONO CARDIGAN KARDIGAN BLAJER BLAZER JAS HAORI JEPANG KOREA COWOK CEWEK CEWE COWO LAKI LAKI PRIA PEREMPUAN WANITA UNISEX WARNA POLOS BASIC BLANK BROWN COKLAN BRON Jaket Kantor Oversize Casual Atasan Hitam Tebal Formal Kerja,165000,22,,N/A,N/A,https://lf-web-assets.tokopedia-static.net/obj/tokopedia-web-sg/zeus_v2/2e112467.svg,kardigan pria,Tokopedia
Jaket Cardigan Big SIZE S-XXXXXXL (6XL) Sweater Kardigan Unisex Wanita Pria Ready Stock Bahan Super Premium Fleece Ready SIZE S M L XL XXL XXXL XXXXL XXXXXL XXXXXXL 2XL 3XL 4XL 5XL 6XL Ready Stock,99000,11,,N/A,N/A,https://lf-web-assets.tokopedia-static.net/obj/tokopedia-web-sg/zeus_v2/2e112467.svg,kardigan pria,Tokopedia
Sweater hoodie pria Murah Distro Keren Jaketsweater Sweater&Kardigan Polos Hoodie Fleece Lokal Nyaman Sablon Zipper Jumper Tebal Lembut Digital Printing Hitam Digital Printing Tangan,85500,6,,N/A,N/A,https://lf-web-assets.tokopedia-static.net/obj/tokopedia-web-sg/zeus_v2/2e112467.svg,kardigan pria,Tokopedia
OUTER OUTWEAR OUT WER OTER KIMONO CARDIGAN KARDIGAN BLAJER BLAZER JAS KEMEJA KAMEJA TANGAN PANJANG CIANGI HAORI JEPANG JAPANES KOREA KOREAN CINA CHINES CHINES COWOK CEWEK CEWE COWO LAKI LAKI PRIA PEREMPUAN WANITA UNISEX MAROON RED MERAH,175000,11,,N/A,N/A,https://lf-web-assets.tokopedia-static.net/obj/tokopedia-web-sg/zeus_v2/2e112467.svg,kardigan pria,Tokopedia
Cardigan Pria Big Size Jumbo RICO / Kardigan Cowok Big - Abu Muda,76500,13,,N/A,N/A,https://lf-web-assets.tokopedia-static.net/obj/tokopedia-web-sg/zeus_v2/2e112467.svg,kardigan pria,Tokopedia
Kemejaa Kardigan Kimono Linen Pria Bahan Linen Kimono Modern Kasual Atasan Baju Panjang Cardigan Muslim Outer Nyaman Blazer Kerja Casual,170500,19,,N/A,N/A,https://lf-web-assets.tokopedia-static.net/obj/tokopedia-web-sg/zeus_v2/2e112467.svg,kardigan pria,Tokopedia
JUBAH LUARAN SAJA/ OUTER TERLARIS 2026/KARDIGAN/JUBAH LUARAN PRIA DEWASA EMBOS/ JUBAH KECE/JUBAH LUARAN ELEGAN / GAMIS DEWASA,114990,0,,N/A,N/A,https://lf-web-assets.tokopedia-static.net/obj/tokopedia-web-sg/zeus_v2/2e112467.svg,kardigan pria,Tokopedia
Sweater Kardigan Pria Keren Rajut Abu SWE 977,80000,2,,N/A,N/A,https://lf-web-assets.tokopedia-static.net/obj/tokopedia-web-sg/zeus_v2/2e112467.svg,kardigan pria,Tokopedia
kardigan bahan premium kualitas tinggi kancing besi Pria Panjang Baju Atasan Knitwear Hitam Katun,100000,1,,N/A,N/A,https://lf-web-assets.tokopedia-static.net/obj/tokopedia-web-sg/zeus_v2/2e112467.svg,kardigan pria,Tokopedia
Outer Kardigan Cardigan Kimono Pria Polos Lengan Panjang Kasual Casual,169900,6,,N/A,N/A,https://lf-web-assets.tokopedia-static.net/obj/tokopedia-web-sg/zeus_v2/2e112467.svg,kardigan pria,Tokopedia
Sweater rajut pria/ sweater kardigan/ sweater outdoor/ kardigan saku,160000,4,,N/A,N/A,https://lf-web-assets.tokopedia-static.net/obj/tokopedia-web-sg/zeus_v2/2e112467.svg,kardigan pria,Tokopedia
Sweater Rajut Pria/ Sweater Kardigan Kancing/ Sweater Kasual Cotton,160000,4,,N/A,N/A,https://lf-web-assets.tokopedia-static.net/obj/tokopedia-web-sg/zeus_v2/2e112467.svg,kardigan pria,Tokopedia
S - XXXXXL(6XL) Sweater NEMBRUCE Jumper Fleece Crewneck korean style pria BIG SIZE Unisex Boom Kardigan Sweatshirts korean style S M L XL 2XL 3XL 4XL 5XL 6XL BIG BOOM,145000,3,,N/A,N/A,https://lf-web-assets.tokopedia-static.net/obj/tokopedia-web-sg/zeus_v2/2e112467.svg,kardigan pria,Tokopedia
Cardigan Rajut Pria Korea Cotton Outer Cowo Knitwear Sweater Kardigan Cowok Atasan,146640,26,,N/A,N/A,https://lf-web-assets.tokopedia-static.net/obj/tokopedia-web-sg/zeus_v2/2e112467.svg,kardigan pria,Tokopedia
Cardigan rajut pria/ Kardigan /Blezer/Sweater Kasual 100% Cotton,160000,4,,N/A,N/A,https://lf-web-assets.tokopedia-static.net/obj/tokopedia-web-sg/zeus_v2/2e112467.svg,kardigan pria,Tokopedia
Sweater Pria/ Kardigan Kancing/ Sweater Rajut Kasual/ Blezer custom,160000,4,,N/A,N/A,https://lf-web-assets.tokopedia-static.net/obj/tokopedia-web-sg/zeus_v2/2e112467.svg,kardigan pria,Tokopedia
Sweater Long Kardigan/ Blezer Pria / Sweater Rajut Pria/ Long Cardigan 100% Cotton Berkualitas Santai Tebal,169200,24,,N/A,N/A,https://lf-web-assets.tokopedia-static.net/obj/tokopedia-web-sg/zeus_v2/2e112467.svg,kardigan pria,Tokopedia
Atasan kasual kardigan berkerudung warna solid longgar untuk pria dan wanita,159998,0,,N/A,N/A,https://lf-web-assets.tokopedia-static.net/obj/tokopedia-web-sg/zeus_v2/2e112467.svg,kardigan pria,Tokopedia
