name,price,category,image,link
Sticker Waterproofku (PO),Rp22.000,VIEW OFFER ↗,https://azrahstore.com/wp-content/uploads/2026/05/4e90122f-cd56-4c26-acdf-ed190227af8d-500x500.jpg,https://azrahstore.com/product/sticker-waterproofku-po/
SERI SAINS ANAK TERBARU – AHLAN (PO Reguler),Rp36.000,VIEW OFFER ↗,https://azrahstore.com/wp-content/uploads/2026/05/WhatsApp-Image-2026-05-18-at-11.06.29-500x500.jpeg,https://azrahstore.com/product/seri-sains-anak-terbaru-ahlan-po-reguler/
STIKER LABEL BUKUKU (PO),Rp20.000,VIEW OFFER ↗,https://azrahstore.com/wp-content/uploads/2026/05/WhatsApp-Image-2026-05-23-at-09.52.23-500x500.jpeg,https://azrahstore.com/product/stiker-label-bukuku-po/
Juz Amma Tajwid Latin Superlengkap (PO),Rp59.000,VIEW OFFER ↗,https://azrahstore.com/wp-content/uploads/2026/05/a86c5f2e-b1e7-4e8c-8d15-eea07198409a-500x500.jpg,https://azrahstore.com/product/juz-amma-tajwid-latin-superlengkap-po/
SERI SAINS ANAK JUDUL LAIN (PO Mei),"Rp28.800 – Rp36.000
Price range: Rp28.800 through Rp36.000",VIEW OFFER ↗,https://azrahstore.com/wp-content/uploads/2026/05/WhatsApp-Image-2026-05-20-at-10.13.07-500x500.jpeg,https://azrahstore.com/product/seri-sains-anak-judul-lain-po-mei/
Seri Pintar Shalat Berjamaah (cet. ke-2) (PO Reguler),"Rp35.000 – Rp89.000
Price range: Rp35.000 through Rp89.000",VIEW OFFER ↗,https://azrahstore.com/wp-content/uploads/2026/05/WhatsApp-Image-2026-05-16-at-13.43.37-500x500.jpeg,https://azrahstore.com/product/seri-pintar-shalat-berjamaah-cet-ke-2-po-reguler/
The Great Salafusshalih (PO Mei),"Rp59.000 – Rp79.000
Price range: Rp59.000 through Rp79.000",VIEW OFFER ↗,https://azrahstore.com/wp-content/uploads/2026/05/b3ca6e4f-a41d-46ac-8503-d56589f93090-500x500.jpg,https://azrahstore.com/product/the-great-salafusshalih-po-mei/
Jejak Surat Rasulullah – (Promo Habisin Stock),Rp121.000,VIEW OFFER ↗,https://azrahstore.com/wp-content/uploads/2025/12/209e182a-d6b5-4a60-956f-da6787adb0d8-500x500.jpg,https://azrahstore.com/product/jejak-surat-rasulullah-promo-habisin-stock/
Legging Loss (Fast PO Susulan),Rp67.500,VIEW OFFER ↗,https://azrahstore.com/wp-content/uploads/2025/06/photo_2025-06-20_10-32-44-500x500.jpg,https://azrahstore.com/product/legging-loss-fast-po-susulan/
Legging Karet (Fast PO Susulan),Rp81.500,VIEW OFFER ↗,https://azrahstore.com/wp-content/uploads/2025/06/photo_2025-06-20_10-39-55-500x500.jpg,https://azrahstore.com/product/legging-karet-fast-po-susulan/
